sell,buy,installment,tgl
1840675,1794658,1840675,2025-05-21
1817679,1772237,1817679,2025-05-20
1840319,1794311,1840319,2025-05-19
1836592,1790677,1836592,2025-05-18
1836592,1790677,1836592,2025-05-17
1837102,1791174,1837102,2025-05-16
1813442,1768105,1813442,2025-05-15
1837283,1791350,1837283,2025-05-14
1867209,1820528,1867209,2025-05-13
1887104,1839926,1887104,2025-05-12
1887097,1839919,1887097,2025-05-11
1887097,1839919,1887097,2025-05-10
1887583,1840393,1887583,2025-05-09
1911532,1863743,1911532,2025-05-08
1918730,1870761,1918730,2025-05-07
1897811,1850365,1897811,2025-05-06
1870567,1823802,1870567,2025-05-05
1877481,1830543,1877481,2025-05-04
1877481,1830543,1877481,2025-05-03
1878162,1831207,1878162,2025-05-02
1947086,1898408,1947086,2025-05-01
1948151,1899447,1948151,2025-04-30
1959207,1910226,1959207,2025-04-29
1968129,1918925,1968129,2025-04-28
2017125,1966696,2017125,2025-04-27
2017125,1966696,2017125,2025-04-26
2017658,1967216,2017658,2025-04-25
2047664,1996472,2047664,2025-04-24
2049393,1998158,2049393,2025-04-23
2059904,2008406,2059904,2025-04-22
2022092,1971539,2022092,2025-04-21
1992025,1942224,1992025,2025-04-19
1992009,1942208,1992009,2025-04-18
1991959,1942160,1991959,2025-04-17
1927332,1879148,1927332,2025-04-16
1866349,1819690,1866349,2025-04-15
1868793,1822073,1868793,2025-04-14
1856869,1810447,1856869,2025-04-13
1856869,1810447,1856869,2025-04-12
1856112,1809709,1856112,2025-04-11
1809968,1764718,1809968,2025-04-10
1750178,1706423,1750178,2025-04-09
1725931,1682782,1725931,2025-04-08
1870233,1795423,1870233,2025-04-07
1872629,1797723,1872629,2025-04-06
1872629,1797723,1872629,2025-04-05
1873170,1798243,1873170,2025-04-04
1857646,1712749,1857646,2025-04-03
1758762,1714792,1758762,2025-04-02
1759857,1715860,1759857,2025-04-01
1758887,1714914,1758887,2025-03-31
1758948,1714974,1758948,2025-03-30
1758948,1714974,1758948,2025-03-29
1758027,1714076,1758027,2025-03-28
1735883,1692485,1735883,2025-03-27
1727939,1684740,1727939,2025-03-26
1714920,1672047,1714920,2025-03-25
1720885,1677862,1720885,2025-03-24
1736627,1693211,1736627,2025-03-23
1736627,1693211,1736627,2025-03-22
1736198,1692793,1736198,2025-03-21
1731943,1688644,1731943,2025-03-20
1716543,1673629,1716543,2025-03-19
1701553,1659014,1701553,2025-03-18
1696763,1654343,1696763,2025-03-17
1700924,1658400,1700924,2025-03-16
1700924,1658400,1700924,2025-03-15
1700448,1657936,1700448,2025-03-14
1676723,1634804,1676723,2025-03-13
1665479,1623842,1665479,2025-03-12
1643464,1602377,1643464,2025-03-11
1657218,1615787,1657218,2025-03-10
1655014,1613638,1655014,2025-03-09
1655014,1613638,1655014,2025-03-08
1654794,1613424,1654794,2025-03-07
1666926,1625252,1666926,2025-03-06
1670145,1628391,1670145,2025-03-05
1665407,1623771,1665407,2025-03-04
1648342,1607133,1648342,2025-03-03
1647776,1606581,1647776,2025-03-02
1647776,1606581,1647776,2025-03-01
1647222,1606041,1647222,2025-02-28
1649703,1608460,1649703,2025-02-27
1652404,1611093,1652404,2025-02-26
1665072,1623445,1665072,2025-02-25
1663761,1622166,1663761,2025-02-24
1667493,1625805,1667493,2025-02-23
1667493,1625805,1667493,2025-02-22
1667046,1625369,1667046,2025-02-21
1668346,1626637,1668346,2025-02-20
1650524,1609260,1650524,2025-02-19
1638454,1597492,1638454,2025-02-18
1629286,1588553,1629286,2025-02-17
1652663,1611346,1652663,2025-02-16
1652663,1611346,1652663,2025-02-15
1652351,1611042,1652351,2025-02-14
1644453,1603341,1644453,2025-02-13
1636354,1595445,1636354,2025-02-12
1636054,1595152,1636054,2025-02-11
1612289,1571981,1612289,2025-02-10
1603534,1563445,1603534,2025-02-09
1603534,1563445,1603534,2025-02-08
1604097,1563994,1604097,2025-02-07
1613873,1573526,1613873,2025-02-06
1606072,1565920,1606072,2025-02-05
1595044,1555167,1595044,2025-02-04
1566296,1527138,1566296,2025-02-03
1551670,1512878,1551670,2025-02-02
1551670,1512878,1551670,2025-02-01
1552181,1513376,1552181,2025-01-31
1551993,1513193,1551993,2025-01-30
1551384,1512599,1551384,2025-01-29
1551792,1512997,1551792,2025-01-28
1551712,1512919,1551712,2025-01-27
1551375,1512590,1551375,2025-01-26
1551375,1512590,1551375,2025-01-25
1551836,1513040,1551836,2025-01-24
1550752,1511983,1550752,2025-01-23
1549817,1511071,1549817,2025-01-22
1534935,1496561,1534935,2025-01-21
1529741,1491497,1529741,2025-01-20
1538296,1499838,1538296,2025-01-19
1538296,1499838,1538296,2025-01-18
1538789,1500319,1538789,2025-01-17
1525943,1487794,1525943,2025-01-16
1512811,1474990,1512811,2025-01-15
1509699,1471956,1509699,2025-01-14
1518659,1480692,1518659,2025-01-13
1506358,1468699,1506358,2025-01-12
1506358,1468699,1506358,2025-01-11
1506789,1469119,1506789,2025-01-10
1499725,1462231,1499725,2025-01-09
1494738,1457369,1494738,2025-01-08
1489687,1452444,1489687,2025-01-07
1495505,1458117,1495505,2025-01-06
1498119,1460666,1498119,2025-01-05
1498119,1460666,1498119,2025-01-04
1498615,1461149,1498615,2025-01-03
1484737,1447618,1484737,2025-01-02
1488127,1450923,1488127,2025-01-01
1488050,1450848,1488050,2024-12-31
1488491,1451278,1488491,2024-12-30
1488075,1450873,1488075,2024-12-29
1488075,1450873,1488075,2024-12-28
1488511,1451298,1488511,2024-12-27
1476685,1439767,1476685,2024-12-26
1476146,1439242,1476146,2024-12-25
1476586,1439671,1476586,2024-12-24
1486519,1449356,1486519,2024-12-23
1474215,1437359,1474215,2024-12-22
1474215,1437359,1474215,2024-12-21
1474646,1437779,1474646,2024-12-20
1463676,1427084,1463676,2024-12-19
1479629,1442638,1479629,2024-12-18
1479629,1442638,1479629,2024-12-17
1476660,1439743,1476660,2024-12-16
1491087,1453809,1491087,2024-12-15
1491087,1453809,1491087,2024-12-14
1491562,1454272,1491562,2024-12-13
1508511,1470798,1508511,2024-12-12
1494722,1457353,1494722,2024-12-11
1478687,1441719,1478687,2024-12-10
1464711,1428093,1464711,2024-12-09
1483925,1446826,1483925,2024-12-08
1483925,1446826,1483925,2024-12-07
1484337,1447228,1484337,2024-12-06
1484363,1447253,1484363,2024-12-05
1475570,1438680,1475570,2024-12-04
1477532,1440593,1477532,2024-12-03
1472537,1435723,1472537,2024-12-02
1474054,1437202,1474054,2024-12-01
1474054,1437202,1474054,2024-11-30
1474510,1437647,1474510,2024-11-29
1478430,1441469,1478430,2024-11-28
1471524,1434735,1471524,2024-11-27
1471434,1434648,1471434,2024-11-26
1495276,1457894,1495276,2024-11-25
1481381,1444346,1481381,2024-11-24
1481381,1444346,1481381,2024-11-23
1481736,1444692,1481736,2024-11-22
1471623,1434832,1471623,2024-11-21
1439786,1403791,1439786,2024-11-20
1453538,1417199,1453538,2024-11-19
1442515,1406452,1442515,2024-11-18
1445881,1409733,1445881,2024-11-17
1445881,1409733,1445881,2024-11-16
1446379,1410219,1446379,2024-11-15
1442337,1406278,1442337,2024-11-14
1462271,1425714,1462271,2024-11-13
1452378,1416068,1452378,2024-11-12
1483224,1446143,1483224,2024-11-11
1489957,1452708,1489957,2024-11-10
1489957,1452708,1489957,2024-11-09
1490394,1453134,1490394,2024-11-08
1477493,1440555,1477493,2024-11-07
1504320,1466712,1504320,2024-11-06
1500707,1463189,1500707,2024-11-05
1500726,1463207,1500726,2024-11-04
1503271,1465689,1503271,2024-11-03
1503271,1465689,1503271,2024-11-02
1503719,1466126,1503719,2024-11-01
1518503,1480540,1518503,2024-10-31
1511738,1473944,1511738,2024-10-30
1486951,1449777,1486951,2024-10-29
1478835,1441864,1478835,2024-10-28
1473427,1436591,1473427,2024-10-27
1473427,1436591,1473427,2024-10-26
1473757,1436913,1473757,2024-10-25
1461805,1425259,1461805,2024-10-24
1467842,1431145,1467842,2024-10-23
1455836,1419440,1455836,2024-10-22
1458769,1422299,1458769,2024-10-21
1455509,1419121,1455509,2024-10-20
1455509,1419121,1455509,2024-10-19
1455066,1418689,1455066,2024-10-18
1448014,1411813,1448014,2024-10-17
1442908,1406835,1442908,2024-10-16
1439810,1403814,1439810,2024-10-15
1440889,1404866,1440889,2024-10-14
1433063,1397236,1433063,2024-10-13
1433063,1397236,1433063,2024-10-12
1432584,1396769,1432584,2024-10-11
1424822,1389201,1424822,2024-10-10
1432749,1396930,1432749,2024-10-09
1432889,1397066,1432889,2024-10-08
1429635,1393894,1429635,2024-10-07
1423376,1387791,1423376,2024-10-06
1423376,1387791,1423376,2024-10-05
1422963,1387388,1422963,2024-10-04
1419813,1384317,1419813,2024-10-03
1414718,1379350,1414718,2024-10-02
1403756,1368662,1403756,2024-10-01
1414498,1379135,1414498,2024-09-30
1412940,1377616,1412940,2024-09-29
1412940,1377616,1412940,2024-09-28
1412590,1377275,1412590,2024-09-27
1411602,1376311,1411602,2024-09-26
1411600,1376310,1411600,2024-09-25
1394535,1359671,1394535,2024-09-24
1406524,1371360,1406524,2024-09-23
1391905,1357107,1391905,2024-09-22
1391905,1357107,1391905,2024-09-21
1391434,1356648,1391434,2024-09-20
1384317,1349709,1384317,2024-09-19
1391331,1356547,1391331,2024-09-18
1394407,1359546,1394407,2024-09-17
1381513,1346975,1381513,2024-09-16
1381924,1347375,1381924,2024-09-15
1381924,1347375,1381924,2024-09-14
1381459,1346922,1381459,2024-09-13
1367384,1333199,1367384,2024-09-12
1369180,1334950,1369180,2024-09-11
1358255,1324298,1358255,2024-09-10
1357207,1323276,1357207,2024-09-09
1371560,1337271,1371560,2024-09-08
1371560,1337271,1371560,2024-09-07
1371193,1336913,1371193,2024-09-06
1368174,1333969,1368174,2024-09-05
1365176,1331046,1365176,2024-09-04
1363139,1329060,1363139,2024-09-03
1360283,1326275,1360283,2024-09-02
1367652,1333460,1367652,2024-09-01
1367652,1333460,1367652,2024-08-31
1367288,1333105,1367288,2024-08-30
1366257,1332100,1366257,2024-08-29
1364208,1330102,1364208,2024-08-28
1369301,1335068,1369301,2024-08-27
1369246,1335014,1369246,2024-08-26
1357643,1323701,1357643,2024-08-25
1357643,1323701,1357643,2024-08-24
1357318,1323385,1357318,2024-08-23
1364271,1330164,1364271,2024-08-22
1369190,1334960,1369190,2024-08-21
1373308,1338975,1373308,2024-08-20
1373244,1338912,1373244,2024-08-19
1361786,1327741,1361786,2024-08-18
1361786,1327741,1361786,2024-08-17
1361359,1327325,1361359,2024-08-16
1369136,1334907,1369136,2024-08-15
1374038,1339687,1374038,2024-08-14
1377314,1342881,1377314,2024-08-13
1359362,1325377,1359362,2024-08-12
1368624,1334408,1368624,2024-08-11
1368624,1334408,1368624,2024-08-10
1368193,1333988,1368193,2024-08-09
1357162,1323232,1357162,2024-08-08
1357148,1323219,1357148,2024-08-07
1366190,1332035,1366190,2024-08-06
1371185,1336905,1371185,2024-08-05
1380760,1346241,1380760,2024-08-04
1380760,1346241,1380760,2024-08-03
1380552,1346038,1380552,2024-08-02
1384567,1349952,1384567,2024-08-01
1368455,1334243,1368455,2024-07-31
1358349,1324390,1358349,2024-07-30
1359447,1325460,1359447,2024-07-29
1335534,1302145,1335534,2024-07-28
1335534,1302145,1335534,2024-07-27
1335165,1301785,1335165,2024-07-26
1349038,1315312,1349038,2024-07-25
1355419,1321533,1355419,2024-07-24
1352327,1318518,1352327,2024-07-23
1352268,1318461,1352268,2024-07-22
1367671,1333479,1367671,2024-07-21
1367671,1333479,1367671,2024-07-20
1367271,1333089,1367271,2024-07-19
1374550,1340186,1374550,2024-07-18
1365647,1331505,1365647,2024-07-17
1351520,1317732,1351520,2024-07-16
1347393,1313708,1347393,2024-07-15
1347735,1314041,1347735,2024-07-14
1347735,1314041,1347735,2024-07-13
1347257,1313575,1347257,2024-07-12
1334290,1300932,1334290,2024-07-11
1328281,1295073,1328281,2024-07-10
1337212,1303781,1337212,2024-07-09
1344236,1310630,1344236,2024-07-08
1329730,1296486,1329730,2024-07-07
1329730,1296486,1329730,2024-07-06
1329321,1296087,1329321,2024-07-05
1326253,1293096,1326253,2024-07-04
1313303,1280470,1313303,2024-07-03
1316149,1283245,1316149,2024-07-02
1311141,1278362,1311141,2024-07-01
1308529,1275815,1308529,2024-06-30
1308529,1275815,1308529,2024-06-29
1308148,1275444,1308148,2024-06-28
1298156,1265702,1298156,2024-06-27
1309031,1276305,1309031,2024-06-26
1314137,1281283,1314137,2024-06-25
1308144,1275440,1308144,2024-06-24
1319552,1286563,1319552,2024-06-23
1319552,1286563,1319552,2024-06-22
1319273,1286291,1319273,2024-06-21
1303377,1270792,1303377,2024-06-20
1297191,1264761,1297191,2024-06-19
1290210,1257954,1290210,2024-06-18
1282258,1250201,1282258,2024-06-17
1282725,1250656,1282725,2024-06-16
1282725,1250656,1282725,2024-06-15
1282321,1250262,1282321,2024-06-14
1290030,1257779,1290030,2024-06-13
1287091,1254913,1287091,2024-06-12
1279112,1247134,1279112,2024-06-11
1278064,1246112,1278064,2024-06-10
1313358,1280524,1313358,2024-06-09
1313358,1280524,1313358,2024-06-08
1312966,1280141,1312966,2024-06-07
1297273,1264841,1297273,2024-06-06
1285247,1253115,1285247,2024-06-05
1297125,1264696,1297125,2024-06-04
1283155,1251076,1283155,2024-06-03
1286501,1254338,1286501,2024-06-02
1286501,1254338,1286501,2024-06-01
1286211,1254055,1286211,2024-05-31
1278230,1246274,1278230,2024-05-30
1286194,1254039,1286194,2024-05-29
1281140,1249111,1281140,2024-05-28
1276158,1244254,1276158,2024-05-27
1274400,1242540,1274400,2024-05-26
1274400,1242540,1274400,2024-05-25
1274069,1242217,1274069,2024-05-24
1305092,1272464,1305092,2024-05-23
1305342,1272708,1305342,2024-05-22
1306391,1273731,1306391,2024-05-21
1298379,1265919,1298379,2024-05-20
1291723,1259429,1291723,2024-05-19
1291723,1259429,1291723,2024-05-18
1291290,1259007,1291290,2024-05-17
1302092,1269539,1302092,2024-05-16
1280104,1248101,1280104,2024-05-15
1273184,1241354,1273184,2024-05-14
1281113,1249085,1281113,2024-05-13
1276613,1244697,1276613,2024-05-12
1276613,1244697,1276613,2024-05-11
1276205,1244299,1276205,2024-05-10
1257408,1225972,1257408,2024-05-09
1256960,1225536,1256960,2024-05-08
1265969,1234319,1265969,2024-05-07
1259031,1227555,1259031,2024-05-06
1267213,1235532,1267213,2024-05-05
1267213,1235532,1267213,2024-05-04
1266787,1235117,1266787,2024-05-03
1275895,1243997,1275895,2024-05-02
1273402,1241566,1273402,2024-05-01
1273050,1241223,1273050,2024-04-30
1274172,1242317,1274172,2024-04-29
1268595,1236880,1268595,2024-04-28
1268595,1236880,1268595,2024-04-27
1268213,1236507,1268213,2024-04-26
1268093,1236390,1268093,2024-04-25
1269076,1237349,1269076,2024-04-24
1273986,1242136,1273986,2024-04-23
1291670,1259378,1291670,2024-04-22
1293706,1261363,1293706,2024-04-21
1293706,1261363,1293706,2024-04-20
1293238,1260907,1293238,2024-04-19
1284375,1252265,1284375,2024-04-18
1271482,1239694,1271482,2024-04-17
1271403,1239617,1271403,2024-04-16
1269139,1237410,1269139,2024-04-15
1228683,1197965,1228683,2024-04-14
1228683,1197965,1228683,2024-04-13
1228584,1197869,1228584,2024-04-12
1228157,1197453,1228157,2024-04-11
1228076,1197374,1228076,2024-04-10
1228102,1197399,1228102,2024-04-09
1227973,1197273,1227973,2024-04-08
1228358,1197649,1228358,2024-04-07
1228358,1197649,1228358,2024-04-06
1227848,1197151,1227848,2024-04-05
1230773,1200003,1230773,2024-04-04
1221803,1191257,1221803,2024-04-03
1203757,1173663,1203757,2024-04-02
1201618,1171577,1201618,2024-04-01
1170992,1141717,1170992,2024-03-31
1170992,1141717,1170992,2024-03-30
1167669,1138477,1167669,2024-03-29
1167572,1138382,1167572,2024-03-28
1159574,1130584,1159574,2024-03-27
1155476,1126589,1155476,2024-03-26
1145521,1116882,1145521,2024-03-25
1152065,1123263,1152065,2024-03-24
1152065,1123263,1152065,2024-03-23
1152467,1123655,1152467,2024-03-22
1162327,1133268,1162327,2024-03-21
1142402,1113841,1142402,2024-03-20
1142394,1113834,1142394,2024-03-19
1135450,1107063,1135450,2024-03-18
1135054,1106677,1135054,2024-03-17
1135054,1106677,1135054,2024-03-16
1135418,1107032,1135418,2024-03-15
1145325,1116691,1145325,2024-03-14
1142348,1113789,1142348,2024-03-13
1152217,1123411,1152217,2024-03-12
1145347,1116713,1145347,2024-03-11
1144998,1116373,1144998,2024-03-10
1144998,1116373,1144998,2024-03-09
1145293,1116660,1145293,2024-03-08
1141326,1112792,1141326,2024-03-07
1128389,1100179,1128389,2024-03-06
1121454,1093417,1121454,2024-03-05
1106381,1078721,1106381,2024-03-04
1084130,1057026,1084130,2024-03-03
1084130,1057026,1084130,2024-03-02
1084298,1057190,1084298,2024-03-01
1080307,1053299,1080307,2024-02-29
1078972,1051997,1078972,2024-02-28
1076959,1050035,1076959,2024-02-27
1079891,1052893,1079891,2024-02-26
1074889,1048016,1074889,2024-02-25
1074889,1048016,1074889,2024-02-24
1075159,1048280,1075159,2024-02-23
1075136,1048257,1075136,2024-02-22
1074180,1047325,1074180,2024-02-21
1071229,1044448,1071229,2024-02-20
1068183,1041478,1068183,2024-02-19
1060902,1034379,1060902,2024-02-18
1060902,1034379,1060902,2024-02-17
1061148,1034619,1061148,2024-02-16
1058171,1031716,1058171,2024-02-15
1078907,1051934,1078907,2024-02-14
1078993,1052018,1078993,2024-02-13
1079047,1052070,1079047,2024-02-12
1078796,1051826,1078796,2024-02-11
1078796,1051826,1078796,2024-02-10
1079131,1052152,1079131,2024-02-09
1079177,1052197,1079177,2024-02-08
1079238,1052257,1079238,2024-02-07
1073299,1046466,1073299,2024-02-06
1082162,1055107,1082162,2024-02-05
1092825,1065504,1092825,2024-02-04
1092825,1065504,1092825,2024-02-03
1093118,1065790,1093118,2024-02-02
1085240,1058109,1085240,2024-02-01
1086292,1059134,1086292,2024-01-31
1084278,1057171,1084278,2024-01-30
1080744,1053725,1080744,2024-01-29
1071914,1045116,1071914,2024-01-28
1071914,1045116,1071914,2024-01-27
1072246,1045439,1072246,2024-01-26
1066360,1039701,1066360,2024-01-25
1070247,1043490,1070247,2024-01-24
1067265,1040583,1067265,2024-01-23
1069218,1042487,1069218,2024-01-22
1067890,1041192,1067890,2024-01-21
1067890,1041192,1067890,2024-01-20
1068226,1041520,1068226,2024-01-19
1058230,1031774,1058230,2024-01-18
1064188,1037583,1064188,2024-01-17
1076220,1049314,1076220,2024-01-16
1073269,1046437,1073269,2024-01-15
1066964,1040289,1066964,2024-01-14
1066964,1040289,1066964,2024-01-13
1067307,1040624,1067307,2024-01-12
1062241,1035684,1062241,2024-01-11
1063220,1036639,1063220,2024-01-10
1064238,1037632,1064238,2024-01-09
1070135,1043381,1070135,2024-01-08
1067937,1041238,1067937,2024-01-07
1067937,1041238,1067937,2024-01-06
1068283,1041575,1068283,2024-01-05
1066255,1039598,1066255,2024-01-04
1072229,1045423,1072229,2024-01-03
1072304,1045496,1072304,2024-01-02
1072905,1046082,1072905,2024-01-01
1072898,1046075,1072898,2023-12-31
1072898,1046075,1072898,2023-12-30
1073235,1046404,1073235,2023-12-29
1083254,1056172,1083254,2023-12-28
1080202,1053196,1080202,2023-12-27
1080149,1053145,1080149,2023-12-26
1069926,1043177,1069926,2023-12-25
1069941,1043192,1069941,2023-12-24
1069941,1043192,1069941,2023-12-23
1070302,1043544,1070302,2023-12-22
1063227,1036646,1063227,2023-12-21
1067207,1040526,1067207,2023-12-20
1060268,1033761,1060268,2023-12-19
1056219,1029813,1056219,2023-12-18
1067809,1041113,1067809,2023-12-17
1067809,1041113,1067809,2023-12-16
1068206,1041500,1068206,2023-12-15
1067208,1040527,1067208,2023-12-14
1042179,1016124,1042179,2023-12-13
1036220,1010314,1036220,2023-12-12
1050180,1023925,1050180,2023-12-11
1058799,1032329,1058799,2023-12-10
1058799,1032329,1058799,2023-12-09
1059167,1032687,1059167,2023-12-08
1059225,1032744,1059225,2023-12-07
1053259,1026927,1053259,2023-12-06
1065100,1038472,1065100,2023-12-05
1077191,1050261,1077191,2023-12-04
1058069,1031617,1058069,2023-12-03
1058069,1031617,1058069,2023-12-02
1058299,1031841,1058299,2023-12-01
1062281,1035723,1062281,2023-11-30
1062240,1035684,1062240,2023-11-29
1054218,1027862,1054218,2023-11-28
1052182,1025877,1052182,2023-11-27
1046865,1020693,1046865,2023-11-26
1046865,1020693,1046865,2023-11-25
1047193,1021013,1047193,2023-11-24
1038229,1012273,1038229,2023-11-23
1040288,1014280,1040288,2023-11-22
1038242,1012285,1038242,2023-11-21
1040028,1014027,1040028,2023-11-20
1037776,1011831,1037776,2023-11-19
1037776,1011831,1037776,2023-11-18
1038083,1012130,1038083,2023-11-17
1037174,1011244,1037174,2023-11-16
1037041,1011114,1037041,2023-11-15
1032145,1006341,1032145,2023-11-14
1027110,1001432,1027110,2023-11-13
1034736,1008867,1034736,2023-11-12
1034736,1008867,1034736,2023-11-11
1035090,1009212,1035090,2023-11-10
1030164,1004409,1030164,2023-11-09
1037115,1011187,1037115,2023-11-08
1042114,1016061,1042114,2023-11-07
1047105,1020927,1047105,2023-11-06
1046900,1020727,1046900,2023-11-05
1046900,1020727,1046900,2023-11-04
1047237,1021056,1047237,2023-11-03
1052264,1025957,1052264,2023-11-02
1052332,1026023,1052332,2023-11-01
1052389,1026079,1052389,2023-10-31
1052352,1026043,1052352,2023-10-30
1047089,1020911,1047089,2023-10-29
1047089,1020911,1047089,2023-10-28
1047335,1021151,1047335,2023-10-27
1047319,1021136,1047319,2023-10-26
1047323,1021139,1047323,2023-10-25
1047206,1021025,1047206,2023-10-24
1047305,1021122,1047305,2023-10-23
1046995,1020820,1046995,2023-10-22
1046995,1020820,1046995,2023-10-21
1047342,1021158,1047342,2023-10-20
1036242,1010335,1036242,2023-10-19
1029264,1003532,1029264,2023-10-18
1028704,1002986,1028704,2023-10-17
1032243,1006436,1032243,2023-10-16
1020644,995127,1020644,2023-10-15
1020644,995127,1020644,2023-10-14
1020232,994726,1020232,2023-10-13
1020058,994556,1020058,2023-10-12
1011044,985767,1011044,2023-10-11
1011009,985733,1011009,2023-10-10
991958,967159,991958,2023-10-09
992171,967366,992171,2023-10-08
992171,967366,992171,2023-10-07
991828,967032,991828,2023-10-06
991790,966995,991790,2023-10-05
988789,964069,988789,2023-10-04
987829,963133,987829,2023-10-03
997809,972863,997809,2023-10-02
1002151,977097,1002151,2023-10-01
1002151,977097,1002151,2023-09-30
999398,974413,999398,2023-09-29
1008844,983622,1008844,2023-09-28
1008911,983688,1008911,2023-09-27
1014925,989551,1014925,2023-09-26
1020919,995396,1020919,2023-09-25
1020594,995079,1020594,2023-09-24
1020594,995079,1020594,2023-09-23
1020913,995390,1020913,2023-09-22
1023859,998262,1023859,2023-09-21
1029130,1003401,1029130,2023-09-20
1030131,1004377,1030131,2023-09-19
1024088,998485,1024088,2023-09-18
1017417,991981,1017417,2023-09-17
1017417,991981,1017417,2023-09-16
1017107,991679,1017107,2023-09-15
1015010,989634,1015010,2023-09-14
1017033,991607,1017033,2023-09-13
1020014,994513,1020014,2023-09-12
1020091,994588,1020091,2023-09-11
1018385,992925,1018385,2023-09-10
1018385,992925,1018385,2023-09-09
1018116,992663,1018116,2023-09-08
1014062,988710,1014062,2023-09-07
1019055,993578,1019055,2023-09-06
1025046,999419,1025046,2023-09-05
1026048,1000396,1026048,2023-09-04
1023497,997909,1023497,2023-09-03
1023497,997909,1023497,2023-09-02
1023475,997888,1023475,2023-09-01
1026472,1000810,1026472,2023-08-31
1024476,998864,1024476,2023-08-30
1017424,991988,1017424,2023-08-29
1012442,987130,1012442,2023-08-28
1016415,991004,1016415,2023-08-27
1016415,991004,1016415,2023-08-26
1016432,991021,1016432,2023-08-25
1016405,990994,1016405,2023-08-24
1009472,984235,1009472,2023-08-23
1005385,980250,1005385,2023-08-22
1004378,979268,1004378,2023-08-21
1007356,982172,1007356,2023-08-20
1007356,982172,1007356,2023-08-19
1007387,982202,1007387,2023-08-18
1010388,985128,1010388,2023-08-17
1010409,985148,1010409,2023-08-16
1007428,982242,1007428,2023-08-15
1008443,983231,1008443,2023-08-14
1010463,985201,1010463,2023-08-13
1010463,985201,1010463,2023-08-12
1010483,985220,1010483,2023-08-11
1012402,987091,1012402,2023-08-10
1013413,988077,1013413,2023-08-09
1017439,992003,1017439,2023-08-08
1021429,995893,1021429,2023-08-07
1017450,992013,1017450,2023-08-06
1017450,992013,1017450,2023-08-05
1017462,992025,1017462,2023-08-04
1015446,990059,1015446,2023-08-03
1018493,993030,1018493,2023-08-02
1025445,999808,1025445,2023-08-01
1018568,993103,1018568,2023-07-31
1015523,990134,1015523,2023-07-30
1015523,990134,1015523,2023-07-29
1015517,990129,1015517,2023-07-28
1023379,997794,1023379,2023-07-27
1022486,996923,1022486,2023-07-26
1018443,992981,1018443,2023-07-25
1019466,993979,1019466,2023-07-24
1021553,996014,1021553,2023-07-23
1021553,996014,1021553,2023-07-22
1021862,996315,1021862,2023-07-21
1024889,999266,1024889,2023-07-20
1016944,991520,1016944,2023-07-19
1016925,991501,1016925,2023-07-18
1017817,992371,1017817,2023-07-17
1024490,998877,1024490,2023-07-16
1024490,998877,1024490,2023-07-15
1024769,999149,1024769,2023-07-14
1026761,1001091,1026761,2023-07-13
1018414,992953,1018414,2023-07-12
1011459,986172,1011459,2023-07-11
1009027,983801,1009027,2023-07-10
1001329,976295,1001329,2023-07-09
1001329,976295,1001329,2023-07-08
1000996,975971,1000996,2023-07-07
1003917,978819,1003917,2023-07-06
1007936,982737,1007936,2023-07-05
1004924,979800,1004924,2023-07-04
1004935,979811,1004935,2023-07-03
1004215,979109,1004215,2023-07-02
1004215,979109,1004215,2023-07-01
1003873,978776,1003873,2023-06-30
1003831,978735,1003831,2023-06-29
1003832,978736,1003832,2023-06-28
1003851,978754,1003851,2023-06-27
998409,973448,998409,2023-06-26
999240,974259,999240,2023-06-25
999240,974259,999240,2023-06-24
998970,973995,998970,2023-06-23
1005309,980176,1005309,2023-06-22
1005321,980187,1005321,2023-06-21
1008369,983159,1008369,2023-06-20
1010451,985189,1010451,2023-06-19
1011342,986058,1011342,2023-06-17
1011050,985773,1011050,2023-06-16
1002999,977924,1002999,2023-06-15
1003992,978892,1003992,2023-06-14
1009941,984692,1009941,2023-06-13
1011956,986657,1011956,2023-06-12
1012298,986990,1012298,2023-06-11
1012298,986990,1012298,2023-06-10
1011979,986679,1011979,2023-06-09
1003028,977952,1003028,2023-06-08
1010986,985711,1010986,2023-06-07
1015128,989749,1015128,2023-06-06
1008130,982926,1008130,2023-06-05
1005449,980312,1005449,2023-06-04
1005449,980312,1005449,2023-06-03
1005126,979997,1005126,2023-06-02
1005480,980343,1005480,2023-06-01
1005205,980074,1005205,2023-05-31
999211,974230,999211,2023-05-30
998208,973252,998208,2023-05-29
994541,969677,994541,2023-05-27
994228,969372,994228,2023-05-26
999204,974223,999204,2023-05-25
1006149,980995,1006149,2023-05-24
1006124,980970,1006124,2023-05-23
1006130,980976,1006130,2023-05-22
998527,973563,998527,2023-05-20
998241,973284,998241,2023-05-19
1008995,983770,1008995,2023-05-18
1006114,980961,1006114,2023-05-17
1012201,986895,1012201,2023-05-16
1012249,986942,1012249,2023-05-15
1015573,990183,1015573,2023-05-13
1015252,989870,1015252,2023-05-12
1023809,998213,1023809,2023-05-11
1023764,998169,1023764,2023-05-10
1014781,989411,1014781,2023-05-09
1012206,986900,1012206,2023-05-08
1027619,1001928,1027619,2023-05-06
1027308,1001625,1027308,2023-05-05
1027280,1001598,1027280,2023-05-04
1014184,988829,1014184,2023-05-03
1003081,978003,1003081,2023-05-02
1012339,987030,1012339,2023-05-01
1012344,987035,1012344,2023-04-29
1012016,986715,1012016,2023-04-28
1009521,984282,1009521,2023-04-27
1012177,986872,1012177,2023-04-26
1015512,990124,1015512,2023-04-25
1012607,987291,1012607,2023-04-24
1012653,987336,1012653,2023-04-22
1012660,987343,1012660,2023-04-21
1012662,987345,1012662,2023-04-20
1012687,987369,1012687,2023-04-19
1005219,980088,1005219,2023-04-18
1013703,988360,1013703,2023-04-17
1029575,1003835,1029575,2023-04-15
1029549,1003810,1029549,2023-04-14
1018992,993517,1018992,2023-04-13
1018026,992575,1018026,2023-04-12
1020172,994667,1020172,2023-04-11
1023286,997703,1023286,2023-04-10
1025666,1000024,1025666,2023-04-08
1025670,1000028,1025670,2023-04-07
1025735,1000091,1025735,2023-04-06
1029710,1003967,1029710,2023-04-05
1023154,992459,1023154,2023-04-04
1011989,986689,1011989,2023-04-03
1025539,999900,1025539,2023-04-01
1025531,999892,1025531,2023-03-31
1019593,994103,1019593,2023-03-30
1028473,1002761,1028473,2023-03-29
1024508,998895,1024508,2023-03-28
1032720,1006902,1032720,2023-03-27
1027433,1001747,1027433,2023-03-24
1029275,1003543,1029275,2023-03-23
1029383,1003648,1029383,2023-03-22
1029414,1003678,1029414,2023-03-21
1029443,1003706,1029443,2023-03-20
1004580,979465,1004580,2023-03-18
1004522,979408,1004522,2023-03-17
1010532,985268,1010532,2023-03-16
1001603,976562,1001603,2023-03-15
1002589,977524,1002589,2023-03-14
1001174,976144,1001174,2023-03-13
980341,955832,980341,2023-03-11
980337,955828,980337,2023-03-10
971330,947046,971330,2023-03-09
968278,944071,968278,2023-03-08
980363,955853,980363,2023-03-07
981375,956840,981375,2023-03-06
975267,950885,975267,2023-03-04
975277,950895,975277,2023-03-03
974330,949971,974330,2023-03-02
971233,946952,971233,2023-03-01
966313,942155,966313,2023-02-28
959358,935374,959358,2023-02-27
963343,939259,963343,2023-02-25
963344,939260,963344,2023-02-24
962311,938253,962311,2023-02-23
966276,942119,966276,2023-02-22
969282,945049,969282,2023-02-21
967265,943083,967265,2023-02-20
966282,942124,966282,2023-02-18
966288,942130,966288,2023-02-17
966255,942098,966255,2023-02-16
976281,951873,976281,2023-02-15
974303,949945,974303,2023-02-14
976359,951950,976359,2023-02-13
976349,951940,976349,2023-02-11
976337,951928,976337,2023-02-10
980303,955795,980303,2023-02-09
975335,950951,975335,2023-02-08
965409,941273,965409,2023-02-07
964423,940312,964423,2023-02-06
976581,952166,976581,2023-02-04
976540,952126,976540,2023-02-03
987428,962742,987428,2023-02-02
975541,951152,975541,2023-02-01
975547,951158,975547,2023-01-31
976493,952080,976493,2023-01-30
977601,953160,977601,2023-01-28
977608,953167,977608,2023-01-27
982563,957998,982563,2023-01-26
986531,961867,986531,2023-01-25
986483,961820,986483,2023-01-24
986538,961874,986538,2023-01-23
986427,961766,986427,2023-01-21
986442,961780,986442,2023-01-20
977546,953107,977546,2023-01-19
972508,948195,972508,2023-01-18
979623,955132,979623,2023-01-17
988539,963825,988539,2023-01-16
987394,962709,987394,2023-01-14
987412,962726,987412,2023-01-13
982439,957878,982439,2023-01-12
982535,957971,982535,2023-01-11
982564,957999,982564,2023-01-10
980583,956068,980583,2023-01-09
969581,945341,969581,2023-01-07
969608,945367,969608,2023-01-06
976543,952129,976543,2023-01-05
971548,947259,971548,2023-01-04
970373,946113,970373,2023-01-03
969372,945137,969372,2023-01-02
964380,940270,964380,2022-12-31
964362,940252,964362,2022-12-30
959437,935451,959437,2022-12-29
961549,937510,961549,2022-12-28
954401,930540,954401,2022-12-27
951403,927617,951403,2022-12-26
949342,925608,949342,2022-12-24
949346,925612,949346,2022-12-23
959432,935446,959432,2022-12-22
960432,936421,960432,2022-12-21
950354,926595,950354,2022-12-20
951371,927586,951371,2022-12-19
946424,922763,946424,2022-12-17
946419,922758,946419,2022-12-16
952405,928594,952405,2022-12-15
952379,928569,952379,2022-12-14
943397,919812,943397,2022-12-13
945446,921809,945446,2022-12-12
945406,921770,945406,2022-12-10
945413,921777,945413,2022-12-09
941435,917899,941435,2022-12-08
931496,908208,931496,2022-12-07
931509,908221,931509,2022-12-06
944333,920724,944333,2022-12-05
944313,920705,944313,2022-12-03
944352,920743,944352,2022-12-02
934216,910860,934216,2022-12-01
927293,904110,927293,2022-11-30
924313,901205,924313,2022-11-29
926367,903207,926367,2022-11-28
926355,903196,926355,2022-11-26
926363,903203,926363,2022-11-25
927318,904135,927318,2022-11-24
924260,901153,924260,2022-11-23
922184,899129,922184,2022-11-22
931385,908100,931385,2022-11-21
934446,911084,934446,2022-11-19
934437,911076,934437,2022-11-18
935550,912161,935550,2022-11-17
935550,912161,935550,2022-11-16
926438,903277,926438,2022-11-15
923400,900315,923400,2022-11-14
925222,902091,925222,2022-11-12
925222,902091,925222,2022-11-11
911950,889151,911950,2022-11-10
911147,888368,911147,2022-11-09
901601,879060,901601,2022-11-08
901303,878770,901303,2022-11-07
892684,870366,892684,2022-11-05
892681,870363,892681,2022-11-04
892168,869863,892168,2022-11-03
895169,872789,895169,2022-11-02
889220,866989,889220,2022-11-01
891607,869316,891607,2022-10-31
896664,874247,896664,2022-10-29
896679,874262,896679,2022-10-28
898865,876393,898865,2022-10-27
894445,872083,894445,2022-10-26
894969,872594,894969,2022-10-25
897977,875527,897977,2022-10-24
890478,868216,890478,2022-10-22
890614,868348,890614,2022-10-21
887611,865420,887611,2022-10-20
892994,870669,892994,2022-10-19
892563,870248,892563,2022-10-18
888477,866265,888477,2022-10-17
893156,870827,893156,2022-10-15
893128,870799,893128,2022-10-14
897800,875355,897800,2022-10-13
891928,869629,891928,2022-10-12
891506,869218,891506,2022-10-11
901291,878758,901291,2022-10-10
904158,881554,904158,2022-10-08
904088,881485,904088,2022-10-07
904199,881594,904199,2022-10-06
907559,884870,907559,2022-10-05
900388,877878,900388,2022-10-04
892480,870168,892480,2022-09-30
890470,868208,890470,2022-09-29
882430,860369,882430,2022-09-28
880420,858409,880420,2022-09-27
882430,860369,882430,2022-09-26
892480,870168,892480,2022-09-23
890470,868208,890470,2022-09-22
890470,868208,890470,2022-09-21
895495,873107,895495,2022-09-20
894490,872127,894490,2022-09-19
887455,865268,887455,2022-09-16
892890,870567,892890,2022-09-15
897705,875262,897705,2022-09-14
903928,881329,903928,2022-09-13
902264,879707,902264,2022-09-12
901520,878982,901520,2022-09-10
901469,878932,901469,2022-09-09
896248,873841,896248,2022-09-08
892116,869813,892116,2022-09-07
898170,875715,898170,2022-09-06
897936,875487,897936,2022-09-05
894249,871892,894249,2022-09-03
894236,871880,894236,2022-09-02
891778,869483,891778,2022-09-01
899799,877304,899799,2022-08-31
906380,883720,906380,2022-08-30
905184,882554,905184,2022-08-29
909012,886286,909012,2022-08-27
909382,886647,909382,2022-08-26
910796,890303,910796,2022-08-25
908518,888076,908518,2022-08-24
906238,885847,906238,2022-08-23
905865,885483,905865,2022-08-22
909161,888704,909161,2022-08-20
909405,888943,909405,2022-08-19
911677,891164,911677,2022-08-18
915597,894996,915597,2022-08-17
916071,895459,916071,2022-08-16
922292,901540,922292,2022-08-15
925635,904808,925635,2022-08-13
925189,904372,925189,2022-08-12
928866,907966,928866,2022-08-11
930462,909526,930462,2022-08-10
932823,911834,932823,2022-08-09
926647,905797,926647,2022-08-08
931711,910747,931711,2022-08-06
932046,911074,932046,2022-08-05
923439,902661,923439,2022-08-04
918156,897497,918156,2022-08-03
923733,902949,923733,2022-08-02
919074,898394,919074,2022-08-01
914634,894054,914634,2022-07-30
914661,894081,914661,2022-07-29
912997,892454,912997,2022-07-28
907562,887141,907562,2022-07-27
907479,887060,907479,2022-07-26
910341,889858,910341,2022-07-25
907303,886888,907303,2022-07-23
907308,886893,907308,2022-07-22
896497,878567,896497,2022-07-21
900041,882040,900041,2022-07-20
899719,881724,899719,2022-07-19
899919,881920,899919,2022-07-18
899801,881804,899801,2022-07-16
899817,881820,899817,2022-07-15
904678,886584,904678,2022-07-14
902853,884795,902853,2022-07-13
906472,888342,906472,2022-07-12
907216,889071,907216,2022-07-11
906665,888531,906665,2022-07-09
907087,888945,907087,2022-07-08
914166,895882,914166,2022-07-07
912750,894495,912750,2022-07-06
925599,907087,925599,2022-07-05
928500,909930,928500,2022-07-04
924795,906299,924795,2022-07-02
924041,905560,924041,2022-07-01
928720,910145,928720,2022-06-30
928127,909564,928127,2022-06-29
928580,910008,928580,2022-06-28
934341,915654,934341,2022-06-27
935403,916694,935403,2022-06-25
935358,916650,935358,2022-06-24
936062,919680,936062,2022-06-23
934288,917937,934288,2022-06-22
936003,919622,936003,2022-06-21
935920,919541,935920,2022-06-20
935278,918910,935278,2022-06-18
936695,920302,936695,2022-06-17
931796,915489,931796,2022-06-16
924076,907904,924076,2022-06-15
921617,905488,921617,2022-06-14
929816,913544,929816,2022-06-13
925221,909029,925221,2022-06-11
924111,907939,924111,2022-06-10
919917,903818,919917,2022-06-09
919931,903832,919931,2022-06-08
915311,899293,915311,2022-06-07
919407,903317,919407,2022-06-06
923541,907379,923541,2022-06-04
923884,907716,923884,2022-06-03
926123,909915,926123,2022-06-02
924211,908037,924211,2022-06-01
926862,910641,926862,2022-05-31
927208,910981,927208,2022-05-30
927838,911600,927838,2022-05-28
927843,911605,927843,2022-05-27
927087,910862,927087,2022-05-26
930320,914039,930320,2022-05-25
927586,911353,927586,2022-05-24
925331,909137,925331,2022-05-23
922931,906779,922931,2022-05-21
922914,906763,922914,2022-05-20
914700,898692,914700,2022-05-19
913705,897715,913705,2022-05-18
915577,899554,915577,2022-05-17
909180,893269,909180,2022-05-16
911914,895955,911914,2022-05-14
911924,895965,911924,2022-05-13
915896,899867,915896,2022-05-12
916307,900271,916307,2022-05-11
917879,901816,917879,2022-05-10
918811,902731,918811,2022-05-09
923967,907797,923967,2022-05-07
924982,908794,924982,2022-05-06
927197,910971,927197,2022-05-05
922068,905931,922068,2022-05-04
921173,905052,921173,2022-05-03
920977,904859,920977,2022-05-02
923948,907778,923948,2022-04-30
928303,912057,928303,2022-04-29
920785,904671,920785,2022-04-28
923982,907812,923982,2022-04-27
924371,908194,924371,2022-04-26
928345,912098,928345,2022-04-25
938394,921972,938394,2022-04-23
938767,922338,938767,2022-04-22
940505,924046,940505,2022-04-21
940487,924028,940487,2022-04-20
946386,929824,946386,2022-04-19
952185,935521,952185,2022-04-18
948233,931638,948233,2022-04-16
948254,931659,948254,2022-04-15
947864,931276,947864,2022-04-14
945872,929319,945872,2022-04-13
942887,926386,942887,2022-04-12
938390,921968,938390,2022-04-11
933236,916904,933236,2022-04-09
933201,916869,933201,2022-04-08
929744,913473,929744,2022-04-07
930319,914038,930319,2022-04-06
936458,920069,936458,2022-04-05
934820,918460,934820,2022-04-04
934378,918026,934378,2022-04-02
935028,918665,935028,2022-04-01
933136,916806,933136,2022-03-31
931272,914974,931272,2022-03-30
930688,914400,930688,2022-03-29
940870,924404,940870,2022-03-28
933111,916781,933111,2022-03-26
935298,918930,935298,2022-03-25
934237,917887,934237,2022-03-24
918315,902244,918315,2022-03-23
922526,906381,922526,2022-03-22
918876,902795,918876,2022-03-21
921082,904963,921082,2022-03-19
923161,907005,923161,2022-03-18
926836,910616,926836,2022-03-17
916984,900936,916984,2022-03-16
920921,904804,920921,2022-03-15
937104,920704,937104,2022-03-14
940812,924347,940812,2022-03-12
937935,921521,937935,2022-03-11
941515,925038,941515,2022-03-10
948019,931428,948019,2022-03-09
978409,961286,978409,2022-03-08
942123,925635,942123,2022-03-07
935876,919498,935876,2022-03-05
921037,904918,921037,2022-03-04
919142,903057,919142,2022-03-03
919538,903446,919538,2022-03-02
912911,896935,912911,2022-03-01
915266,899248,915266,2022-02-28
915291,899273,915291,2022-02-26
915291,899273,915291,2022-02-25
913472,897486,913472,2022-02-24
903887,888068,903887,2022-02-23
900421,884663,900421,2022-02-22
896285,880600,896285,2022-02-21
900052,884301,900052,2022-02-19
899919,884170,899919,2022-02-18
897933,882219,897933,2022-02-17
880387,864980,880387,2022-02-16
882026,866590,882026,2022-02-15
890412,874829,890412,2022-02-14
886522,871007,886522,2022-02-12
875424,860104,875424,2022-02-11
875681,860356,875681,2022-02-10
873008,857730,873008,2022-02-09
871902,856643,871902,2022-02-08
867257,852080,867257,2022-02-07
863977,848857,863977,2022-02-05
862627,847531,862627,2022-02-04
860566,845506,860566,2022-02-03
862455,847362,862455,2022-02-02
862089,847002,862089,2022-02-01
857874,842861,857874,2022-01-31
859310,844272,859310,2022-01-29
859314,844276,859314,2022-01-28
878174,862805,878174,2022-01-27
886358,870846,886358,2022-01-26
882080,866643,882080,2022-01-25
880554,865144,880554,2022-01-24
875203,859886,875203,2022-01-22
880799,865385,880799,2022-01-21
881309,865886,881309,2022-01-20
871757,856501,871757,2022-01-19
867884,852696,867884,2022-01-18
869575,854357,869575,2022-01-17
869367,854153,869367,2022-01-15
869367,854153,869367,2022-01-14
868995,853787,868995,2022-01-13
869225,854013,869225,2022-01-12
862123,847035,862123,2022-01-11
857824,842812,857824,2022-01-10
858789,843760,858789,2022-01-08
858792,843763,858792,2022-01-07
860624,845563,860624,2022-01-06
869848,854625,869848,2022-01-05
866194,851035,866194,2022-01-04
860407,845349,860407,2022-01-03
859460,844419,859460,2022-01-01
859460,844419,859460,2021-12-31
860269,845214,860269,2021-12-30
857276,842273,857276,2021-12-29
862891,847790,862891,2021-12-28
859578,844535,859578,2021-12-27
860311,845255,860311,2021-12-25
860311,845255,860311,2021-12-24
859167,844131,859167,2021-12-23
856222,841238,856222,2021-12-22
857877,842864,857877,2021-12-21
863554,848441,863554,2021-12-20
866459,851295,866459,2021-12-18
866456,851293,866456,2021-12-17
856446,841458,856446,2021-12-16
847284,832456,847284,2021-12-15
848749,833895,848749,2021-12-14
856009,841028,856009,2021-12-13
854767,839808,854767,2021-12-11
855761,840785,855761,2021-12-10
852758,837834,852758,2021-12-09
854117,839169,854117,2021-12-08
856338,841352,856338,2021-12-07
858244,843224,858244,2021-12-06
856756,841762,856756,2021-12-04
851087,836192,851087,2021-12-03
850419,835536,850419,2021-12-02
856547,841557,856547,2021-12-01
854509,839555,854509,2021-11-30
854522,839567,854522,2021-11-29
856116,841133,856116,2021-11-27
856120,841137,856120,2021-11-26
854286,839335,854286,2021-11-25
849652,834783,849652,2021-11-24
852105,837193,852105,2021-11-23
876272,860937,876272,2021-11-22
880311,864905,880311,2021-11-20
884477,868998,884477,2021-11-19
887692,872157,887692,2021-11-18
886924,871402,886924,2021-11-17
885554,870056,885554,2021-11-16
885820,870318,885820,2021-11-15
885836,870333,885836,2021-11-13
882433,866990,882433,2021-11-12
886342,870831,886342,2021-11-11
884178,868704,884178,2021-11-10
870946,855704,870946,2021-11-09
868183,852989,868183,2021-11-08
868353,853156,868353,2021-11-06
860530,845470,860530,2021-11-05
860386,845329,860386,2021-11-04
843064,828310,843064,2021-11-03
852616,837695,852616,2021-11-02
852534,837614,852534,2021-11-01
851436,836535,851436,2021-10-30
851436,836535,851436,2021-10-29
851518,836616,851518,2021-10-28
849553,834685,849553,2021-10-27
846946,832124,846946,2021-10-26
855345,840376,855345,2021-10-25
846118,831310,846118,2021-10-23
842545,827800,842545,2021-10-22
843067,828313,843067,2021-10-21
838938,824256,838938,2021-10-20
834785,820176,834785,2021-10-19
836242,821607,836242,2021-10-18
832951,818374,832951,2021-10-16
835201,820584,835201,2021-10-15
848797,833943,848797,2021-10-14
848744,833890,848744,2021-10-13
836182,821548,836182,2021-10-12
834939,820327,834939,2021-10-11
835248,820631,835248,2021-10-09
835720,821094,835720,2021-10-08
835600,820977,835600,2021-10-07
839967,825267,839967,2021-10-06
839211,824524,839211,2021-10-05
842040,827304,842040,2021-10-04
841431,826705,841431,2021-10-02
840786,826072,840786,2021-10-01
832379,817812,832379,2021-09-30
830243,815713,830243,2021-09-29
828607,814106,828607,2021-09-28
836132,821499,836132,2021-09-27
832959,818382,832959,2021-09-25
834113,819516,834113,2021-09-24
842109,827372,842109,2021-09-23
846125,831317,846125,2021-09-22
843560,828797,843560,2021-09-21
836753,822109,836753,2021-09-20
834736,820128,834736,2021-09-18
835803,821176,835803,2021-09-17
837047,822398,837047,2021-09-16
854086,839139,854086,2021-09-15
855098,840133,855098,2021-09-14
851455,836554,851455,2021-09-13
846529,831714,846529,2021-09-11
849824,834952,849824,2021-09-10
848221,833377,848221,2021-09-09
847329,832500,847329,2021-09-08
855209,840242,855209,2021-09-07
866764,851595,866764,2021-09-06
871247,856000,871247,2021-09-04
872771,857497,872771,2021-09-03
864525,849395,864525,2021-09-02
864627,849496,864627,2021-09-01
866564,851399,866564,2021-08-31
872748,857474,872748,2021-08-30
868530,853330,868530,2021-08-28
868527,853327,868527,2021-08-27
863257,848150,863257,2021-08-26
860646,845584,860646,2021-08-25
868525,853325,868525,2021-08-24
867418,852238,867418,2021-08-23
861492,846415,861492,2021-08-21
861492,846415,861492,2021-08-20
859077,844043,859077,2021-08-19
856584,841593,856584,2021-08-18
851856,836948,851856,2021-08-17
854330,839379,854330,2021-08-16
851374,836474,851374,2021-08-14
848183,833339,848183,2021-08-13
836418,821780,836418,2021-08-12
835180,820564,835180,2021-08-11
826132,811674,826132,2021-08-10
827004,812531,827004,2021-08-09
840364,825657,840364,2021-08-07
841219,826497,841219,2021-08-06
860115,845062,860115,2021-08-05
861197,846126,861197,2021-08-04
863790,848673,863790,2021-08-03
871022,855779,871022,2021-08-02
866350,851188,866350,2021-07-31
867169,851993,867169,2021-07-30
870775,855536,870775,2021-07-29
867818,852631,867818,2021-07-28
870126,854898,870126,2021-07-27
868866,853660,868866,2021-07-26
868351,853154,868351,2021-07-24
862481,847387,862481,2021-07-23
858846,843816,858846,2021-07-22
865416,850271,865416,2021-07-21
875404,860084,875404,2021-07-20
870344,855112,870344,2021-07-19
870306,855075,870306,2021-07-17
870210,854981,870210,2021-07-16
873560,858272,873560,2021-07-15
877539,862182,877539,2021-07-14
871102,855857,871102,2021-07-13
870366,855134,870366,2021-07-12
874926,859614,874926,2021-07-10
874733,859425,874733,2021-07-09
871316,856067,871316,2021-07-08
871685,856430,871685,2021-07-07
877411,862056,877411,2021-07-06
870835,855595,870835,2021-07-05
871730,856474,871730,2021-07-03
869839,854616,869839,2021-07-02
866787,851618,866787,2021-07-01
866254,851094,866254,2021-06-30
865384,850239,865384,2021-06-29
861615,846536,861615,2021-06-28
865225,850083,865225,2021-06-26
865225,850083,865225,2021-06-25
862097,847010,862097,2021-06-24
868890,853684,868890,2021-06-23
859393,844353,859393,2021-06-22
864744,849610,864744,2021-06-21
855735,840759,855735,2021-06-19
857848,842835,857848,2021-06-18
849479,834613,849479,2021-06-17
881959,866524,881959,2021-06-16
881957,866522,881957,2021-06-15
884174,868700,884174,2021-06-14
880317,864911,880317,2021-06-12
879898,864499,879898,2021-06-11
891113,875518,891113,2021-06-10
894341,878690,894341,2021-06-09
892359,876742,892359,2021-06-08
892740,877117,892740,2021-06-07
893855,878212,893855,2021-06-05
894654,878997,894654,2021-06-04
893666,878026,893666,2021-06-03
896732,881039,896732,2021-06-02
894482,878828,894482,2021-06-01
896029,880348,896029,2021-05-31
891690,876085,891690,2021-05-29
891690,876085,891690,2021-05-28
891844,876236,891844,2021-05-27
880451,865043,880451,2021-05-26
873806,858514,873806,2021-05-25
896280,880595,896280,2021-05-24
873926,858632,873926,2021-05-22
873926,858632,873926,2021-05-21
880663,865251,880663,2021-05-20
888494,872945,888494,2021-05-19
863211,848104,863211,2021-05-18
878696,863318,878696,2021-05-17
871204,855957,871204,2021-05-15
868619,853418,868619,2021-05-14
857758,842747,857758,2021-05-13
861237,846165,861237,2021-05-12
865891,850737,865891,2021-05-11
864635,849503,864635,2021-05-10
873458,858172,873458,2021-05-07
862805,847705,862805,2021-05-06
854396,839444,854396,2021-05-05
852150,837237,852150,2021-05-04
860186,845132,860186,2021-05-03
847720,832884,847720,2021-05-01
847099,832274,847099,2021-04-30
849107,834247,849107,2021-04-29
862097,847010,862097,2021-04-28
864367,849240,864367,2021-04-27
853203,838271,853203,2021-04-26
854901,839940,854901,2021-04-24
853753,838812,853753,2021-04-23
857768,842757,857768,2021-04-22
865340,850196,865340,2021-04-21
855151,840185,855151,2021-04-20
859879,844831,859879,2021-04-19
863787,848670,863787,2021-04-17
864948,849811,864948,2021-04-16
864177,849053,864177,2021-04-15
850223,835344,850223,2021-04-14
853679,838739,853679,2021-04-13
850627,835741,850627,2021-04-12
851601,836697,851601,2021-04-10
851844,836936,851844,2021-04-09
862576,847480,862576,2021-04-08
853067,838138,853067,2021-04-07
860585,845524,860585,2021-04-06
859774,844727,859774,2021-04-05
859992,844942,859992,2021-04-02
859646,844602,859646,2021-04-01
847628,832794,847628,2021-03-31
831733,817177,831733,2021-03-30
841558,826830,841558,2021-03-29
847942,833103,847942,2021-03-26
852275,837360,852275,2021-03-25
851444,836543,851444,2021-03-24
847505,832673,847505,2021-03-23
852711,837788,852711,2021-03-22
851339,836440,851339,2021-03-19
848594,833743,848594,2021-03-18
849384,834519,849384,2021-03-17
851671,836766,851671,2021-03-16
846652,831835,846652,2021-03-15
844796,830012,844796,2021-03-13
834751,820142,834751,2021-03-12
847603,832769,847603,2021-03-11
844957,830170,844957,2021-03-10
848064,833222,848064,2021-03-09
826811,812341,826811,2021-03-08
832948,818371,832948,2021-03-06
830703,816165,830703,2021-03-05
841189,826468,841189,2021-03-04
833309,818726,833309,2021-03-03
846065,831258,846065,2021-03-02
849803,834931,849803,2021-03-01
839119,824434,839119,2021-02-27
844526,829746,844526,2021-02-26
843820,829053,843820,2021-02-25
858630,843603,858630,2021-02-24
868063,852871,868063,2021-02-23
872554,857284,872554,2021-02-22
856058,841076,856058,2021-02-20
857925,842911,857925,2021-02-19
851590,836687,851590,2021-02-18
852685,837763,852685,2021-02-17
862550,847455,862550,2021-02-16
866072,850915,866072,2021-02-15
872346,857079,872346,2021-02-13
866826,851656,866826,2021-02-12
880293,864887,880293,2021-02-11
879560,864167,879560,2021-02-10
877259,861906,877259,2021-02-09
880417,865009,880417,2021-02-08
869937,854713,869937,2021-02-06
866927,851755,866927,2021-02-05
849147,834286,849147,2021-02-04
868476,853277,868476,2021-02-03
870378,855146,870378,2021-02-02
884965,869478,884965,2021-02-01
877581,862223,877581,2021-01-30
883633,868169,883633,2021-01-29
886817,871297,886817,2021-01-28
878453,863080,878453,2021-01-27
884096,868624,884096,2021-01-26
879767,864371,879767,2021-01-25
881098,865678,881098,2021-01-23
880720,865307,880720,2021-01-22
884977,869489,884977,2021-01-21
887370,871841,887370,2021-01-20
878266,862896,878266,2021-01-19
874393,859091,874393,2021-01-18
864127,849004,864127,2021-01-16
866388,851226,866388,2021-01-15
873197,857916,873197,2021-01-14
878497,863123,878497,2021-01-13
877061,861712,877061,2021-01-12
875964,860634,875964,2021-01-11
865848,850695,865848,2021-01-09
872875,857599,872875,2021-01-08
894077,878430,894077,2021-01-07
892212,876598,892212,2021-01-06
908201,892307,908201,2021-01-05
907460,891579,907460,2021-01-04
903333,887524,903333,2021-01-02
902636,886839,902636,2021-01-01
896424,880736,896424,2020-12-31
889805,874233,889805,2020-12-30
892693,877070,892693,2020-12-29
900372,884615,900372,2020-12-28
896416,880728,896416,2020-12-25
894424,878771,894424,2020-12-24
895895,880216,895895,2020-12-23
893022,877394,893022,2020-12-22
893683,878043,893683,2020-12-21
897796,882084,897796,2020-12-20
900012,884261,900012,2020-12-18
905602,889753,905602,2020-12-17
889043,873484,889043,2020-12-16
887094,871569,887094,2020-12-15
877043,861694,877043,2020-12-14
880468,865059,880468,2020-12-12
883419,867959,883419,2020-12-11
880125,864722,880125,2020-12-10
882592,867146,882592,2020-12-09
895954,880274,895954,2020-12-08
896038,880357,896038,2020-12-07
888804,873249,888804,2020-12-05
889429,873863,889429,2020-12-04
886341,870830,886341,2020-12-03
881096,865676,881096,2020-12-02
873657,858368,873657,2020-12-01
855814,840837,855814,2020-11-30
862133,847045,862133,2020-11-28
860354,845297,860354,2020-11-27
873172,857891,873172,2020-11-26
873497,858210,873497,2020-11-25
873586,858298,873586,2020-11-24
883677,868212,883677,2020-11-23
907725,891839,907725,2020-11-21
908691,892788,908691,2020-11-20
895254,879587,895254,2020-11-19
903697,887882,903697,2020-11-18
904657,888825,904657,2020-11-17
905699,889849,905699,2020-11-16
917726,901665,917726,2020-11-14
918016,901950,918016,2020-11-13
910268,894338,910268,2020-11-12
893136,877506,893136,2020-11-11
896331,880645,896331,2020-11-10
893959,878314,893959,2020-11-09
942366,925874,942366,2020-11-07
938616,922190,938616,2020-11-06
945688,929138,945688,2020-11-05
940743,924279,940743,2020-11-04
938962,922530,938962,2020-11-03
940336,923880,940336,2020-11-02
933763,917422,933763,2020-10-31
935297,918929,935297,2020-10-30
931981,915671,931981,2020-10-29
931391,915091,931391,2020-10-28
948204,931610,948204,2020-10-27
945841,929288,945841,2020-10-26
944367,927840,944367,2020-10-24
942045,925559,942045,2020-10-23
941679,925199,941679,2020-10-22
955382,938662,955382,2020-10-21
943409,926899,943409,2020-10-20
946261,929701,946261,2020-10-19
948010,931419,948010,2020-10-17
948606,932005,948606,2020-10-16
946680,930113,946680,2020-10-15
957568,928840,957568,2020-10-14
945357,916996,945357,2020-10-13
951955,923396,951955,2020-10-12
973540,944333,973540,2020-10-10
972213,943046,972213,2020-10-09
952964,924375,952964,2020-10-08
950397,921885,950397,2020-10-07
955799,927125,955799,2020-10-06
969944,940845,969944,2020-10-05
961857,933001,961857,2020-10-03
962916,934028,962916,2020-10-02
967721,938689,967721,2020-10-01
963753,934840,963753,2020-09-30
964646,935706,964646,2020-09-29
962909,934021,962909,2020-09-28
950825,922300,950825,2020-09-26
950184,921678,950184,2020-09-25
957353,928632,957353,2020-09-24
948171,919725,948171,2020-09-23
962184,933318,962184,2020-09-22
941664,913414,941664,2020-09-21
975396,946134,975396,2020-09-18
971347,942206,971347,2020-09-17
982475,953000,982475,2020-09-16
982672,953191,982672,2020-09-15
981605,952156,981605,2020-09-14
975817,946542,975817,2020-09-12
980544,951127,980544,2020-09-11
980330,950920,980330,2020-09-10
975356,946095,975356,2020-09-09
966071,937088,966071,2020-09-08
966398,937406,966398,2020-09-07
963933,935015,963933,2020-09-05
960839,932013,960839,2020-09-04
962880,933993,962880,2020-09-03
965570,936602,965570,2020-09-02
965524,936558,965524,2020-09-01
964374,935442,964374,2020-08-31
972988,943798,972988,2020-08-29
974510,945274,974510,2020-08-28
977801,948466,977801,2020-08-27
958173,929427,958173,2020-08-26
940899,912672,940899,2020-08-25
954282,925653,954282,2020-08-24
949406,920923,949406,2020-08-22
942231,913964,942231,2020-08-21
947856,919420,947856,2020-08-20
969501,940415,969501,2020-08-19
992438,962664,992438,2020-08-18
993692,963881,993692,2020-08-17
971295,942156,971295,2020-08-15
970689,941568,970689,2020-08-14
970708,941586,970708,2020-08-13
954251,925623,954251,2020-08-12
958206,929459,958206,2020-08-11
998003,968062,998003,2020-08-10
993351,963550,993351,2020-08-08
992908,963120,992908,2020-08-07
998380,968428,998380,2020-08-06
988712,959050,988712,2020-08-05
973483,944278,973483,2020-08-04
958088,929345,958088,2020-08-03
955903,927225,955903,2020-08-01
955217,926560,955217,2020-07-31
941121,912887,941121,2020-07-30
938223,910076,938223,2020-07-29
933632,905623,933632,2020-07-28
940039,911837,940039,2020-07-27
920289,892680,920289,2020-07-25
919713,892121,919713,2020-07-24
914517,887081,914517,2020-07-23
903296,876197,903296,2020-07-22
903159,876064,903159,2020-07-21
895210,868353,895210,2020-07-20
893324,866524,893324,2020-07-18
890567,863849,890567,2020-07-17
882213,855746,882213,2020-07-16
879849,853453,879849,2020-07-15
880335,853924,880335,2020-07-14
876666,850366,876666,2020-07-13
877494,851169,877494,2020-07-11
879188,852812,879188,2020-07-10
875444,849180,875444,2020-07-09
878636,852276,878636,2020-07-08
873708,847496,873708,2020-07-07
869912,843814,869912,2020-07-06
868696,842635,868696,2020-07-03
864190,838264,864190,2020-07-02
848698,823237,848698,2020-07-01
862041,836179,862041,2020-06-30
848349,822898,848349,2020-06-29
848589,823131,848589,2020-06-28
848695,823234,848695,2020-06-27
845544,820177,845544,2020-06-26
840588,815370,840588,2020-06-25
839966,814767,839966,2020-06-24
850450,824936,850450,2020-06-23
838919,813751,838919,2020-06-22
840165,814960,840165,2020-06-20
840356,815145,840356,2020-06-19
826742,801939,826742,2020-06-18
830831,805906,830831,2020-06-17
827182,802366,827182,2020-06-16
829320,804440,829320,2020-06-15
831546,806599,831546,2020-06-13
834497,809462,834497,2020-06-12
823086,798393,823086,2020-06-11
819904,795306,819904,2020-06-10
825551,800784,825551,2020-06-09
817597,793069,817597,2020-06-08
806646,782446,806646,2020-06-06
803029,778938,803029,2020-06-05
835121,810067,835121,2020-06-04
819231,794654,819231,2020-06-03
843148,817853,843148,2020-06-02
859270,833491,859270,2020-06-01
856297,830608,856297,2020-05-30
857583,831855,857583,2020-05-29
857779,832045,857779,2020-05-28
842906,817618,842906,2020-05-27
852703,827121,852703,2020-05-26
861413,835570,861413,2020-05-25
863646,837736,863646,2020-05-23
863181,837285,863181,2020-05-22
863403,837500,863403,2020-05-21
871118,844984,871118,2020-05-20
868289,842240,868289,2020-05-19
871850,845694,871850,2020-05-18
876479,850184,876479,2020-05-16
875179,848923,875179,2020-05-15
866075,840092,866075,2020-05-14
856414,830721,856414,2020-05-13
855137,829482,855137,2020-05-12
848834,823368,848834,2020-05-11
857605,831876,857605,2020-05-09
861708,835856,861708,2020-05-08
859386,833604,859386,2020-05-06
856021,830340,856021,2020-05-05
861666,835816,861666,2020-05-04
868357,842306,868357,2020-04-30
873891,847674,873891,2020-04-29
878455,852101,878455,2020-04-28
884501,857965,884501,2020-04-27
895516,868650,895516,2020-04-24
898625,871666,898625,2020-04-23
891254,864516,891254,2020-04-22
882040,855578,882040,2020-04-21
867747,841714,867747,2020-04-20
889127,862453,889127,2020-04-17
910296,882987,910296,2020-04-16
893641,866831,893641,2020-04-15
902433,875360,902433,2020-04-14
903061,875969,903061,2020-04-13
915009,887558,915009,2020-04-10
898252,871304,898252,2020-04-09
886977,860367,886977,2020-04-08
884537,858000,884537,2020-04-07
879153,852778,879153,2020-04-06
861185,835349,861185,2020-04-03
852558,826981,852558,2020-04-02
848121,822677,848121,2020-04-01
850136,824631,850136,2020-03-31
845947,820568,845947,2020-03-30
841771,816517,841771,2020-03-27
844919,819571,844919,2020-03-26
864045,838123,864045,2020-03-24
789698,766007,789698,2020-03-23
788541,764884,788541,2020-03-20
736649,714549,736649,2020-03-19
751599,729051,751599,2020-03-18
739636,717446,739636,2020-03-17
753396,730794,753396,2020-03-16
750412,727899,757806,2020-03-14
775762,752489,775762,2020-03-13
753892,731275,753892,2020-03-12
784053,760531,784052,2020-03-11
791379,767637,791379,2020-03-10
795268,771409,795268,2020-03-09
790922,767194,790922,2020-03-06
766913,743905,766913,2020-03-05
765818,742843,765818,2020-03-04
749748,727255,749749,2020-03-03
765073,742120,765073,2020-03-02
769597,746509,769597,2020-02-28
762267,739398,762267,2020-02-27
760676,737855,760676,2020-02-26
757383,734661,757383,2020-02-25
772445,749271,772445,2020-02-24
747927,725489,747927,2020-02-21
735240,713182,735240,2020-02-20
732318,710348,732318,2020-02-19
720757,699134,720757,2020-02-18
718525,696969,718525,2020-02-17
717023,695512,717023,2020-02-14
715559,694092,715559,2020-02-13
709609,688320,709609,2020-02-12
713692,692281,713692,2020-02-11
717523,695997,717523,2020-02-10
710767,689443,710767,2020-02-07
708428,687175,708428,2020-02-06
709937,688638,709937,2020-02-05
718000,696460,718000,2020-02-04
718465,696911,718465,2020-02-03
716899,695392,716899,2020-01-31
718156,696611,718156,2020-01-30
711425,690082,711425,2020-01-29
716557,695060,716557,2020-01-28
714275,692846,714275,2020-01-27
706427,685234,706427,2020-01-24
705227,684070,705227,2020-01-23
708365,687114,708365,2020-01-22
706438,685244,706438,2020-01-21
708904,687636,708904,2020-01-20
707782,686548,707782,2020-01-17
705992,684812,705992,2020-01-16
708473,687218,708473,2020-01-15
702221,681154,702221,2020-01-14
707682,686451,707682,2020-01-13
713502,692096,713502,2020-01-10
714172,692746,714172,2020-01-09
734354,712323,734354,2020-01-08
725842,704066,725842,2020-01-07
733044,711052,733044,2020-01-06
715728,694256,715728,2020-01-03
704639,683499,704639,2020-01-02
707630,686401,707630,2019-12-31
703535,682428,703535,2019-12-30
703179,682083,703179,2019-12-27
702207,681140,702207,2019-12-26
692427,671654,692427,2019-12-23
689974,669274,689974,2019-12-20
688568,667910,688568,2019-12-19
691578,670830,691578,2019-12-18
692579,671801,692579,2019-12-17
690059,669357,690059,2019-12-16
687606,666977,687606,2019-12-13
690099,669396,690099,2019-12-12
686517,665921,686517,2019-12-11
684575,664037,684575,2019-12-10
684949,664400,684949,2019-12-09
690769,670045,690769,2019-12-06
693574,672766,693574,2019-12-05
699248,678270,699248,2019-12-04
690274,669565,690274,2019-12-03
686657,666057,686657,2019-12-02
686145,665560,686145,2019-11-29
686459,665865,686459,2019-11-28
686773,666169,686773,2019-11-27
685583,665015,685583,2019-11-26
686477,665882,686477,2019-11-25
691159,670424,691159,2019-11-22
695050,674198,695050,2019-11-21
696668,675767,696668,2019-11-20
692131,671367,692131,2019-11-19
687110,666496,687110,2019-11-18
689639,668949,689639,2019-11-15
692475,671700,692475,2019-11-14
687922,667284,687922,2019-11-13
683038,662546,683038,2019-11-12
686809,666204,686809,2019-11-11
689581,668893,689581,2019-11-08
698076,677133,698076,2019-11-07
695222,674365,695222,2019-11-06
704327,679675,704327,2019-11-05
709155,684334,709155,2019-11-04
711575,686669,711575,2019-11-01
704681,680017,704681,2019-10-31
700374,675860,700374,2019-10-30
701392,676843,701392,2019-10-29
706124,681409,706124,2019-10-28
706341,681619,706341,2019-10-25
699861,675365,699861,2019-10-24
700743,676216,700743,2019-10-23
697181,672779,697181,2019-10-22
700984,676449,700984,2019-10-21
703072,678464,703072,2019-10-18
704616,679954,704616,2019-10-17
703714,679084,703714,2019-10-16
707582,682816,707582,2019-10-15
704093,679449,704093,2019-10-14
709251,684427,709251,2019-10-11
714408,689403,714408,2019-10-10
714146,689150,714146,2019-10-09
710298,685437,710298,2019-10-08
711819,686905,711819,2019-10-07
714648,689635,714648,2019-10-04
712049,687127,712049,2019-10-03
704954,680280,704954,2019-10-02
695712,671362,695712,2019-10-01
705213,680530,705213,2019-09-30
710155,685299,710155,2019-09-27
713613,688636,713613,2019-09-26
723544,698219,723544,2019-09-25
717038,691941,717038,2019-09-24
715919,690861,715919,2019-09-23
709262,684437,709262,2019-09-20
706195,681478,706195,2019-09-19
707127,682377,707127,2019-09-18
706245,681526,706245,2019-09-17
704582,679921,704582,2019-09-16
702464,677877,702464,2019-09-13
707130,682380,707130,2019-09-12
702511,677923,702511,2019-09-11
701382,676833,701382,2019-09-10
714209,674927,714209,2019-09-09
706609,667745,706609,2019-09-06
724636,684781,724636,2019-09-05
724447,684602,724447,2019-09-04
720512,680883,720512,2019-09-03
717724,678249,717724,2019-09-02
719677,680094,719677,2019-08-30
727179,687184,727179,2019-08-29
727041,687053,727041,2019-08-28
722859,683101,722859,2019-08-27
718786,679252,718786,2019-08-26
705507,666704,705507,2019-08-23
707638,668717,707638,2019-08-22
707590,668672,707590,2019-08-21
706912,668031,706912,2019-08-20
708414,669451,708414,2019-08-19
715534,676179,715534,2019-08-16
713997,674727,713997,2019-08-15
711575,672438,711575,2019-08-14
718530,679010,718530,2019-08-13
706078,667243,706078,2019-08-12
707508,668595,707508,2019-08-09
705810,666990,705810,2019-08-08
703269,664589,703269,2019-08-07
689730,651794,689730,2019-08-06
685197,647511,685197,2019-08-05
671113,634201,671113,2019-08-02
652526,616637,652526,2019-08-01
664350,627810,664350,2019-07-31
661412,625034,661412,2019-07-30
658100,621904,658100,2019-07-29
656527,620418,656527,2019-07-26
661473,625091,661473,2019-07-25
659154,622900,659154,2019-07-24
655123,619091,655123,2019-07-23
658191,621990,658191,2019-07-22
665756,629139,665756,2019-07-19
657244,621095,657244,2019-07-18
646640,611074,646640,2019-07-17
652420,616536,652420,2019-07-16
657995,621805,657995,2019-07-15
656749,620627,656749,2019-07-12
665912,629286,665912,2019-07-11
651787,615938,651787,2019-07-10
650634,614849,650634,2019-07-09
657022,620885,657022,2019-07-08
661543,625158,661543,2019-07-05
661623,625233,661623,2019-07-04
666824,630148,666824,2019-07-03
651191,615375,651191,2019-07-02
647737,612111,647737,2019-07-01
665377,628781,665377,2019-06-28
658475,622258,658475,2019-06-27
662822,626366,662822,2019-06-26
673638,636587,673638,2019-06-25
660005,623704,660005,2019-06-24
653421,617482,653421,2019-06-21
642535,607195,642535,2019-06-20
638303,603196,638303,2019-06-19
639466,604295,639466,2019-06-18
633413,598575,633413,2019-06-17
636671,601654,636671,2019-06-14
630403,595730,630403,2019-06-13
630363,595693,630363,2019-06-12
624660,590303,624660,2019-06-11
628165,593615,628165,2019-06-10
617043,583105,617043,2019-05-31
611335,577711,611335,2019-05-29
611363,577738,611363,2019-05-28
613743,579987,613743,2019-05-27
615007,581181,615007,2019-05-24
612559,578868,612559,2019-05-23
610576,576994,610576,2019-05-22
610603,577019,610603,2019-05-21
606830,573454,606830,2019-05-20
612977,579263,612977,2019-05-17
617095,583155,0,2019-05-16
616381,582480,0,2019-05-16
616549,582638,0,2019-05-15
616263,582369,0,2019-05-15
611745,578099,0,2019-05-14
612453,578768,0,2019-05-14
605517,572213,0,2019-05-13
605988,572659,0,2019-05-13
606966,573583,0,2019-05-10
606588,573225,0,2019-05-10
604546,571296,0,2019-05-09
603134,569961,0,2019-05-09
605511,572208,0,2019-05-08
604993,571719,0,2019-05-08
603392,570205,0,2019-05-07
603721,570517,0,2019-05-07
602315,569188,0,2019-05-06
601798,568699,0,2019-05-06
596566,563755,0,2019-05-03
595910,563135,0,2019-05-03
595154,562420,0,2019-05-02
596934,564103,0,2019-05-02
600276,567261,0,2019-04-30
599014,566068,0,2019-04-30
598307,565400,0,2019-04-29
600409,567387,0,2019-04-29
597841,564960,0,2019-04-26
597235,564387,0,2019-04-26
592280,559704,0,2019-04-25
592187,559616,0,2019-04-25
590104,557648,0,2019-04-24
589316,556904,0,2019-04-24
590885,558386,0,2019-04-23
590885,558386,0,2019-04-23
590506,558028,0,2019-04-22
590460,557985,0,2019-04-22
591150,558637,0,2019-04-18
589389,556973,0,2019-04-18
594626,562272,0,2019-04-16
594997,562272,0,2019-04-16
595626,562867,0,2019-04-15
598228,565325,0,2019-04-15
602095,568979,0,2019-04-12
602327,569199,0,2019-04-12
607424,574015,0,2019-04-11
608728,575248,0,2019-04-11
607045,573657,0,2019-04-10
605834,572513,0,2019-04-10
606831,573455,0,2019-04-09
605200,571914,0,2019-04-09
603922,570706,0,2019-04-08
603363,570178,0,2019-04-08
601947,568840,0,2019-04-05
602507,569369,0,2019-04-05
605343,572049,0,2019-04-04
604640,571385,0,2019-04-04
602941,569779,0,2019-04-02
603409,570222,0,2019-04-02
604878,571609,0,2019-04-01
605862,572540,0,2019-04-01
571000,571000,0,2019-03-29
572285,572285,0,2019-03-29
577791,577791,0,2019-03-28
578409,578409,0,2019-03-28
580211,580211,0,2019-03-27
580917,580917,0,2019-03-27
581699,581699,0,2019-03-26
583466,583466,0,2019-03-26
580145,580145,0,2019-03-25
579396,579396,0,2019-03-25
575588,575588,0,2019-03-22
608762,575280,0,2019-03-22
616312,582415,0,2019-03-21
616265,582371,0,2019-03-21
610491,576914,0,2019-03-20
611240,577622,0,2019-03-20
611830,578179,0,2019-03-19
612018,578357,0,2019-03-19
610671,577084,0,2019-03-18
612462,578777,0,2019-03-17
612462,578777,0,2019-03-17
612462,578777,0,2019-03-17
612462,578777,0,2019-03-16
612462,578777,0,2019-03-16
612462,578777,0,2019-03-15
609927,576381,0,2019-03-15
611574,577938,0,2019-03-15
611574,577938,0,2019-03-14
613452,579713,0,2019-03-14
613241,579513,0,2019-03-14
